Country,2021_Overall score,2021_Government,2021_Technology Sector,2021_Data and Infrastructure,2022_Overall score,2022_Government,2022_Technology Sector,2022_Data and Infrastructure,2023_Overall score,2023_Government,2023_Technology Sector,2023_Data and Infrastructure,2024_Overall score,2024_Government,2024_Technology Sector,2024_Data and Infrastructure
United States of America,88.15961153,88.4581425,83.30771897,92.71297313,85.72133804,86.20660091,81.67365015,89.28376304,84.79617127,86.04465046,81.0236913,87.32017205,87.03218182,89.25756783,80.94382938,88.3787777
Singapore,82.45681323,94.87694458,66.69260177,85.80089333,84.1162602,89.67926241,68.49824042,94.17127778,81.97096482,90.39858238,66.19180008,89.32251199,84.24944106,90.96203242,68.65095021,84.61080264
Finland,79.23374229,88.44736792,63.85213601,85.40172295,77.59332703,87.80395514,58.70558427,86.27044168,77.36514132,88.34366826,60.3587057,83.39305001,76.48471791,84.8551772,60.86452189,72.6019184
Netherlands,78.50681097,80.42401396,66.17470313,88.92171583,75.11228339,78.23424407,59.94020309,87.16240301,74.46899594,78.89586209,61.95684764,82.55427809,77.22980432,84.57516125,60.11523769,79.52938973
Sweden,78.1646107,80.759755,67.37248085,86.36159625,73.05606154,74.03249059,61.47333601,83.66235803,72.55428782,74.69926646,62.70639302,80.25720399,75.40286681,80.60159542,63.45043064,73.55294243
Canada,77.73085276,84.36103375,63.75410312,85.07742142,77.38916245,84.10594337,64.41014296,83.65140102,77.0688933,85.30357359,64.72864875,81.17445757,78.17529665,85.48311818,61.6932845,70.39891481
Germany,77.26444673,78.04322271,67.68410138,86.0660161,72.64159902,75.21989624,60.41656762,82.28833321,75.26152044,80.78397038,63.28455505,81.7160359,76.89826844,79.23642648,64.91302571,74.85653233
Denmark,76.95991775,83.49694967,63.23844189,84.1443617,74.79016756,83.26029132,58.39463463,82.71557673,73.91202307,84.10504957,59.97736792,77.65365171,74.71009478,84.07023817,57.16672731,72.93709984
Republic of Korea,76.54734155,85.26555604,58.4863105,85.89015813,76.75699843,86.816844,53.95513065,89.49902062,75.64511212,87.55252773,54.36450926,85.01829936,79.97780202,84.59225863,62.60153369,86.25783442
France,76.41358024,82.09731063,60.61032769,86.5331024,75.78358408,83.04049701,59.3594424,84.95081284,76.0747579,84.02516926,60.39946081,83.79964363,79.35754271,85.2928569,63.53019992,76.19764767
Japan,76.17752679,81.89842771,59.31174815,87.3224045,75.2536366,81.21898096,56.090212,88.45171684,75.07579217,82.76466261,56.85336145,85.60935244,75.74917653,80.30980046,57.96186637,79.13120303
Norway,76.13517078,84.242891,59.25352368,84.90909767,73.0897855,81.10871503,53.43532959,84.7253119,72.71208818,81.76846383,54.96792055,81.39988016,76.11968176,86.37752969,56.27794881,71.09118275
Australia,75.40980096,83.79237875,57.07186627,85.36515786,75.29178001,81.81908125,54.11468623,89.94157255,73.8886426,83.34456114,52.56753446,85.75383219,76.44726827,86.18252567,56.25758071,68.38925109
China,74.42075762,83.7872901,61.32953978,78.14544298,70.83634174,78.75335119,59.84129666,73.91437736,70.94344937,77.31729699,60.75880711,74.75424402,72.0098981,72.89843786,62.95301811,79.84257585
Luxembourg,73.37376397,82.66669883,50.65529621,86.79929686,67.90883906,82.5719618,43.32012009,77.83443529,69.40775632,83.11109411,46.50816245,78.60401239,70.62575172,84.66929577,43.80789727,68.71572495
Ireland,72.79927998,74.696885,61.11201516,82.58893979,70.75787951,69.89510614,57.5962622,84.78227019,69.82192222,71.51255972,56.95748759,80.99571936,73.18014934,75.468796,58.12529886,67.31901222
Taiwan,71.97943147,77.59488359,59.41924204,78.92416879,72.78496134,77.40113829,55.01666192,85.9370838,70.25307405,75.33310472,54.58043305,80.84568438,74.58025606,82.98348324,56.37386335,77.77842628
United Arab Emirates,71.59684283,79.41127701,53.32882013,82.05043133,68.54401914,73.52510744,52.18913371,79.91781628,70.42303308,78.32252669,56.66634434,76.28022822,75.65804571,83.88904081,59.19872953,74.95579339
Israel,70.00840751,64.63928271,65.86633892,79.51960091,70.11641725,63.3278098,64.99719243,82.02424952,65.4642356,53.67519243,66.29290327,76.42461111,74.52155598,79.29803488,61.5287992,64.67217059
Estonia,69.18310231,77.64502625,49.45723473,80.44704594,70.14246449,80.00297661,51.95297743,78.47143942,70.86482958,80.53692617,52.52231257,79.53525,72.61871555,86.70600702,48.96505058,59.00061941
Switzerland,68.56419978,52.30475813,67.59781312,85.79002809,68.49444385,56.16490963,60.55350841,88.76491352,68.5683896,57.32603613,62.96154757,85.41758509,69.41989807,59.05738355,61.32371764,78.56033719
New Zealand,68.08408201,66.0657925,53.16461862,85.02183491,67.81782093,63.23320591,50.45177683,89.76848005,60.18468167,51.84951176,47.04675863,81.65777462,63.98217071,55.95051897,49.56359437,64.95981469
Austria,68.07358716,63.09391979,58.5386354,82.58820628,71.49081059,76.86406545,53.54861855,84.05974775,72.36579509,77.69341556,56.42848466,82.97548506,72.83567415,78.37446596,56.56219206,64.52642816
Spain,67.67652903,71.86805229,49.84342107,81.31811372,67.82500746,71.81627569,48.69740576,82.96134094,67.47437476,72.85686361,50.96164611,78.60461456,69.25248467,74.57860489,50.75038128,68.44533107
Qatar,67.18031989,79.55623792,43.02239859,78.96232317,62.37304734,69.34169436,41.69938513,76.07806254,63.586363,69.63809933,44.30882523,76.81216444,68.22070132,76.06885218,46.90185052,69.08359718
Italy,67.07136413,72.74953021,48.1888239,80.2757383,68.40631647,75.27560073,49.09459497,80.84875373,67.62584509,76.6065863,50.97617739,75.29477158,71.21652388,78.6433406,53.12144476,69.06419819
Belgium,66.16481528,59.06667238,58.54179724,80.88597621,69.94696786,72.01059176,54.78352623,83.04678558,67.28440384,73.09341424,56.02002736,72.73976993,72.68793041,81.25885682,56.23023131,59.45345286
Lithuania,65.19059203,72.79464188,44.27256843,78.50456578,62.20182711,74.38544179,43.94614952,68.27389,63.33225365,75.30598873,43.70352222,70.98725,67.79802914,77.62506397,43.02221089,66.24142125
Slovenia,65.0527651,70.09997529,45.4800599,79.5782601,61.4463947,71.14770746,41.61680906,71.5746676,62.63475187,71.74594007,41.86450827,74.29380726,65.85327433,77.48019942,43.32445607,60.00487803
Malta,64.84862898,83.6170631,41.52178739,69.40703645,62.75184823,80.64994351,38.80482915,68.80077203,63.64436289,80.73570142,40.89060948,69.30677778,63.64342039,75.85860781,39.89417382,63.24858989
Portugal,64.31109865,74.64094667,50.41995164,67.87239764,68.11883424,74.49935831,49.94699783,79.91014658,68.28168555,80.47518209,50.9509814,73.41889316,70.92843933,79.46552644,52.48704017,65.29239703
Saudi Arabia,63.41823204,67.22789521,45.13954623,77.8872547,61.96247066,73.8104046,42.82828195,69.24872541,67.04188134,78.70702299,49.58574192,72.8328791,72.35591144,80.72142265,52.91669929,73.71455056
Poland,62.50277705,67.2690825,42.82257576,77.41667288,62.65072579,68.72363189,45.05237013,74.17617534,63.09568429,69.79180781,46.83920235,72.65604271,67.51119621,76.5277114,45.41413385,62.20813376
Malaysia,62.45903786,68.36956604,52.66569365,66.3418539,67.37403813,77.69845964,50.26213028,74.16152446,68.7072292,79.98717379,54.13015271,72.00436111,71.39992403,82.46990798,54.17096057,57.45407803
Latvia,62.2662637,68.74434104,41.45342779,76.60102225,59.84242562,70.60740077,39.19491064,69.72496547,60.30099482,72.06941292,38.56784977,70.26572177,61.87089556,74.46052864,35.71983287,56.34995181
Russian Federation,61.93369511,67.44308375,46.45922244,71.89877913,61.48426081,76.21026672,43.8794013,64.36311441,62.92297762,74.13139691,43.37584151,71.26169444,64.71707681,72.1515266,45.37520885,49.36125708
Slovakia,61.622784,67.5875025,41.38744257,75.89340694,51.22626911,41.70612339,39.20411097,72.76857297,60.73476979,67.70416051,40.60349974,73.89664912,63.69003612,68.75893557,41.39709126,57.40147702
Brazil,60.63532,65.04257979,42.70015225,74.16322796,62.36663855,69.62159774,43.43316724,74.04515065,63.69915943,72.44400137,45.08217867,73.57129826,65.88947723,74.50695299,44.7845554,55.99616272
Chile,60.41748563,69.98728458,42.13712516,69.12804713,62.51743318,71.27418214,39.31002131,76.96809609,61.94839002,74.56044472,40.90759979,70.37712556,63.19327114,70.75322887,44.11334081,48.26025701
Bulgaria,60.06809672,67.03478875,39.19466819,73.97483321,60.33310733,65.69509824,37.56411861,77.74010513,58.64499758,66.0432174,38.16577789,71.72599743,60.63955798,65.19340947,37.87529008,65.3133788
Hungary,59.71500633,68.08810667,41.65465512,69.4022572,61.43939487,69.22115865,39.44536155,75.6516644,60.66027035,69.95734828,42.20108879,69.82237397,63.63204457,74.08630687,41.80596355,55.71057973
Cyprus,59.71494208,69.45805654,37.9864563,71.70031341,59.14788556,68.34832321,40.90838899,68.18694447,60.84003033,69.39278065,42.03522701,71.09208333,61.50126092,68.5275774,36.17555978,59.40642863
Colombia,58.91032079,73.03005438,34.65873328,69.04217471,59.37944898,74.27162593,35.05240683,68.81431419,57.85276011,74.97882258,35.27909665,63.30036111,59.33330773,71.95600814,38.99648719,35.91044111
Iceland,58.52549589,49.97365529,50.72969361,74.87313877,59.84295226,50.63279518,49.43944747,79.45661414,69.5940496,76.20868237,52.77752625,79.79594017,69.82023722,82.19943627,47.1644215,64.61696127
Indonesia,58.13597168,73.05164917,40.95895465,60.39731122,60.89255185,73.84687089,41.51322073,67.31756391,61.03492368,76.24230135,43.48299533,63.37947436,65.85124932,79.85949065,48.05776504,42.71171336
Uruguay,57.92660526,69.48173,31.63116711,72.66691867,58.2470919,71.1020602,32.2010208,71.43819469,60.57175304,74.40077342,35.31956904,71.99491667,62.20915139,76.39407111,33.30830048,45.18074515
Oman,57.25811351,63.01486979,34.98535728,73.77411347,57.83051152,69.2773661,34.74233619,69.47183227,58.93723222,69.34990164,37.70636501,69.75543,62.91022757,69.60536402,41.28555315,60.99020256
Greece,56.22319444,52.54341,43.33541875,72.79075455,58.56101347,54.37046412,44.70627718,76.60629913,57.94965354,55.91992617,48.36844044,69.56059402,57.69792651,50.66443858,46.54961935,55.68744934
India,56.10603803,73.25807458,48.04415459,47.01588493,63.66522524,75.58427727,48.57987038,66.83152807,62.57800735,75.1759559,49.38818431,63.16988184,62.80654813,73.31982484,50.33660101,43.8534311
Serbia,55.9756157,68.15432354,36.34816007,63.4243635,52.96174925,68.69780694,35.43763432,54.74980648,55.57212047,74.28535696,37.13122026,55.29978419,58.48610163,69.88457689,38.22401947,37.74043697
Argentina,54.35665427,64.86036479,33.62326077,64.58633725,57.38681671,65.56243864,33.56401642,73.03399508,57.72417372,70.3106345,35.27354733,67.58833933,56.40407736,64.65383311,37.08563876,39.95998262
Bahrain,53.53874411,51.46084649,31.5376487,77.61773716,53.59440928,45.14264383,36.86687947,78.77370455,56.13114214,57.96471785,39.24259746,71.18611111,54.32835116,45.62063539,37.60941773,62.73785722
Romania,53.22358321,52.08561271,37.49964582,70.0854911,53.29633,50.96338485,36.62351692,72.30208822,52.31981092,51.42468322,39.23114485,66.3036047,58.0818462,69.25300822,40.41200333,53.97600978
Brunei Darussalam,52.92662721,41.04797504,43.50380837,74.22809821,48.05568313,37.8120077,42.63062801,63.72441366,48.09942959,39.56559268,41.86059269,62.87210342,55.44955575,45.85409618,45.87483248,54.6909004
Mauritius,52.71322634,68.52355201,33.81802847,55.79809854,53.38242963,68.65330186,31.15803804,60.33594897,53.2671014,69.82048823,30.63123264,59.34958333,53.94349686,65.30883779,32.70741304,45.39837278
Thailand,52.62806047,45.45380479,41.21915346,71.21122316,64.63063705,76.77014929,38.70472434,78.41703751,63.03262655,77.21380025,41.33374008,70.55033933,66.16948723,75.77537138,44.8290477,70.05539537
Mexico,52.62055216,54.69832333,40.22111569,62.94221746,51.78355316,43.05477115,38.84596967,73.44991865,50.37334308,43.08090167,39.55173226,68.4873953,53.28576348,43.5246465,42.26674885,45.40065857
Croatia,52.29801885,48.70074347,36.48164072,71.71167234,48.58505521,40.70324542,36.12006008,68.93186012,49.34199305,42.25299153,39.3484966,66.424491,51.62288743,40.86261266,39.72296473,59.84350698
Viet Nam,51.81976952,70.80847458,32.78299682,51.86783715,53.96052747,66.77174652,39.18355431,55.92628157,54.48001397,69.03908651,37.81903874,56.58191667,61.41545515,75.02487277,43.35797988,42.84198518
Kuwait,50.96595392,46.53480063,34.36816068,71.99490046,47.67990454,37.39529874,34.71754862,70.92686626,49.85706104,38.14337835,40.57694365,70.85086111,51.25970098,46.49395976,36.92892292,58.64137465
Ukraine,50.57953842,52.363005,38.18769946,61.18791081,52.79602255,68.96089823,34.68382593,54.7433435,53.28654288,68.93393287,36.17808466,54.74761111,60.57013332,73.41583722,41.92755308,36.18024305
Egypt,49.75186942,62.71826833,35.17151838,51.36582156,49.41720556,63.4604206,36.0745064,48.71668969,52.6929229,68.19483702,40.11272227,49.7712094,55.62588551,68.9843581,42.12676138,30.60895455
Kazakhstan,48.42782516,48.80436604,32.38406477,64.09504466,45.78086433,48.40344777,29.21669903,59.72244619,48.55608275,48.56343216,30.9745383,66.13027778,51.40653433,54.75332237,33.53520534,36.26627655
Azerbaijan,48.26467933,50.59965917,33.85716915,60.33720967,45.55120353,56.85394497,30.58488893,49.21477668,48.15205153,55.86333383,30.77101949,57.82180128,39.92386783,35.5554264,29.4334401,33.81180809
South Africa,48.23683389,40.91705458,39.13712123,64.65632586,47.74442738,37.89559783,37.60370819,67.73397613,47.27824677,37.82151635,40.21922395,63.794,52.91180045,54.30148714,39.15089994,43.05330773
Fiji,48.16911225,44.5725542,37.99072766,61.94405489,41.75570206,38.57092146,34.33534822,52.3608365,41.56883237,37.77972643,35.12379391,51.80297679,44.21900038,37.02072517,32.3231917,38.15647786
Seychelles,47.47717158,41.28188583,33.82346778,67.32616112,39.87192314,37.21411347,27.29929483,55.10236111,38.10561952,36.44499046,19.50384725,58.36802083,44.76984511,41.40907195,36.80747877,35.70866667
Philippines,47.204124,41.96891479,37.1990219,62.44443532,55.41679531,65.02223707,36.33095569,64.89719318,51.97820876,65.43282697,34.3766371,56.12516222,58.50707886,74.49419223,38.57583598,48.91974306
Belarus,46.19630163,39.88792698,34.29852077,64.40245714,40.27136657,32.35757046,32.30340899,56.15312027,39.20286213,30.9496063,32.27575146,54.38322863,39.23880845,27.5434051,34.56645637,36.20720809
Costa Rica,46.18967035,40.63989583,34.56711652,63.3619987,44.96926052,40.3749866,33.02285101,61.50994396,49.12279778,53.40935286,33.20184604,60.75719444,56.85007591,68.45779037,34.73770853,37.41228591
Montenegro,46.09707305,40.71351333,34.61281161,62.96489421,45.19895959,39.26106084,33.13110654,63.20471139,47.1475604,40.2062276,35.53384248,65.70261111,47.42969132,39.40605982,33.39878236,52.06320809
Armenia,45.92539398,43.10368917,31.13789199,63.53460079,41.91047934,43.59290679,31.07471288,51.06381836,45.21531546,43.49707296,33.5797623,58.56911111,44.51279855,37.96864882,32.90502401,39.41884061
Tunisia,45.71261411,50.22096076,36.309979,50.60690255,46.80606294,48.63096255,36.91763116,54.8695951,46.07375273,48.31289443,38.4666412,51.44172256,43.67929184,28.62222721,41.06785607,34.41671797
Kenya,45.53691503,57.14643958,28.74595369,50.7183518,40.35660716,40.36149755,28.75953101,51.9487929,40.18580433,40.02697704,28.94708919,51.58334675,43.55729827,56.20430435,30.97576648,32.25563202
Georgia,45.41491686,44.19947932,29.21881213,62.82645912,40.79056687,41.2319953,29.35037138,51.78933392,41.26650193,41.96144773,30.33331235,51.50474573,46.91902495,43.41362,34.53211601,37.74371859
Jordan,44.37804843,38.26335222,38.30935729,56.56143577,51.76399042,67.54379962,36.19691228,51.55125937,56.8468117,67.56283902,40.61756831,62.36002778,61.56757258,74.92340871,42.63719073,40.61400164
North Macedonia,43.72643901,40.79491842,31.07816973,59.30622889,46.10847621,50.66259277,32.0454817,55.61735416,45.40465829,39.54616975,33.89404384,62.77376128,45.12278472,36.51118282,32.36027349,45.87993519
Panama,42.98152532,38.24936083,29.96639584,60.72881928,41.48689612,38.2939505,29.13833111,57.02840673,43.91332742,38.32577863,33.2596714,60.15453222,44.38966066,35.78823401,26.9699988,34.3726666
Albania,42.89921225,41.47314583,28.53876492,58.68572598,42.0977979,41.98351276,30.65768329,53.65219765,43.26239362,42.52967465,31.97313228,55.28437393,45.46622776,47.92975113,28.36110633,36.76640809
Morocco,42.37957443,42.13237729,31.73915044,53.26719556,41.31130191,34.80676446,33.99854277,55.12859851,43.33900818,37.54174536,35.68724541,56.78803377,41.77772556,34.81714719,36.69524288,37.96524035
Barbados,42.19622123,35.38889979,31.06401583,60.13574807,39.53011484,32.77135565,31.41927334,54.39971553,40.13321614,33.52950016,32.86938687,54.0007614,41.10918269,32.12344233,31.69007045,36.84105454
Republic of Moldova,41.70704681,40.02719958,29.79987371,55.29406713,42.03558654,41.75492243,28.26273496,56.08910224,42.97129514,42.68589792,28.21182083,58.01616667,56.03414931,69.37868523,29.93851947,36.50900809
Jamaica,41.49969775,36.76335014,31.67647978,56.05926333,37.09045226,34.29816198,29.98754095,46.98565384,41.31633222,48.00813521,28.41451317,47.52634829,37.79095056,34.43360977,28.82493464,30.26097871
Sri Lanka,41.1170847,34.83594986,32.54292112,55.97238313,36.23061644,30.18841318,30.91652088,47.58691527,41.8893437,42.04741762,33.02041903,50.60019444,45.29464691,55.04026057,32.19202535,30.75068525
Dominican Republic,40.88594812,41.25281792,24.56753429,56.83749215,42.15738701,42.67410553,24.49444042,59.30361507,50.71305278,68.0707076,25.34291441,58.72553632,52.69157831,69.03886351,24.76701863,44.00881378
Trinidad and Tobago,40.77693238,34.63273729,28.77842335,58.91963649,36.1712009,30.13839706,28.43648047,49.93872516,39.44275869,32.69770907,32.25112257,53.37944444,40.13955078,32.32995961,31.52954548,36.25674941
Peru,40.55691787,38.24457292,29.52295949,53.90322122,51.97236356,64.50761812,29.87368963,61.53578294,54.8722902,70.15310254,32.28794115,62.17582692,57.11155994,68.60202113,34.02980339,50.16181483
Ghana,40.19417706,41.78334188,24.75280282,54.04638649,36.56305785,47.22058769,22.81851736,39.65006852,32.58404214,34.65649919,23.22690501,39.86872222,43.30178073,59.52623933,25.34735134,31.01739528
Uzbekistan,40.13268957,37.94991174,31.31962244,51.12853453,44.50639995,49.90068196,24.44894346,59.16957444,43.78954115,49.07421058,24.8045667,57.48984615,53.45247202,64.70968247,33.5033404,40.00303443
Lebanon,39.66701083,38.2293609,33.47262343,47.29904815,45.71549399,51.09230569,33.99203086,52.06214542,47.61870616,50.555506,36.99444359,55.30616889,46.66806935,51.0442805,40.47508636,31.24392747
Ecuador,39.19079497,35.42017813,26.12325577,56.02895101,37.3586778,36.07303852,26.54753224,49.45546264,40.83861731,36.12999086,27.81724569,58.56861538,41.45594571,34.2739723,29.30504628,29.37149092
Bosnia and Herzegovina,38.67179055,31.04537988,27.10038805,57.86960373,35.16653037,26.69570084,27.98356209,50.82032818,36.48814846,27.92111151,31.68001337,49.86332051,37.01680441,26.7373587,29.25469296,32.55421914
Suriname,38.58378245,24.9674703,26.62357079,64.16030627,35.10760082,29.58735405,26.08858149,49.64686693,35.51765043,28.27093983,26.84997649,51.43203496,36.87352519,25.79481463,27.83807291,33.7866933
Tajikistan,38.48615463,35.85400625,26.2897616,53.31469605,35.83071587,41.80757544,19.78529365,45.89927851,38.78247405,53.17536994,20.40567674,42.76637547,36.71542489,51.04589401,19.79042437,30.20041126
Algeria,37.92372769,32.96002743,29.57411441,51.23704122,35.32545863,30.16661684,29.93052253,45.87923652,35.98810889,30.09710595,30.56313517,47.30408556,39.05673544,31.67587515,33.25931557,29.71848986
Kyrgyzstan,37.60655564,35.15789896,23.62062675,54.04114121,33.90924499,33.73350051,22.4902151,45.50401936,34.09800116,33.53303728,22.86179952,45.89916667,36.55450391,34.6767153,24.49355625,30.4627881
Maldives,37.46980713,29.59328333,16.08446391,66.73167416,33.53552338,33.68188379,15.16006177,51.76462457,31.71139837,31.71375,20.79336455,42.62708056,31.43166425,33.71338337,17.22096661,45.482
Paraguay,37.347056,35.32188606,22.44868617,54.27059576,35.45868855,36.77186838,21.44232117,48.1618761,36.85412454,37.45030794,24.32093106,48.79113462,39.53861042,36.90180549,23.15469899,29.21101983
Mongolia,37.19721197,33.45120229,27.23745049,50.90298313,37.21364782,35.20881506,26.6769265,49.7552019,38.98928752,35.82820452,27.71243583,53.42722222,42.36130396,36.93689603,26.78497186,34.43844308
Iraq,36.93068457,25.50789267,31.26790425,54.0162568,31.52182498,21.01357138,27.18482757,46.36707599,33.39561913,28.8555,29.06845995,42.26289744,40.90613432,32.601393,35.86924844,29.39325299
Saint Lucia,36.60854493,28.22205475,27.52783286,54.07574719,35.85863778,29.78458801,27.49595936,50.29536597,36.46491071,30.36882078,27.95052479,51.07538656,39.10720613,31.09782151,28.62766551,29.3544933
Gabon,36.50752942,32.39631474,26.50296402,50.6233095,32.42445285,25.31424573,26.3345793,45.62453352,33.09015799,25.12177778,27.67372141,46.47497479,34.14729966,25.44592837,27.77426894,29.72642943
Senegal,36.33866393,39.47343729,28.31373279,41.22882171,34.51097098,35.00762967,27.24784581,41.27743747,42.58345092,59.65092008,27.66921039,40.43022231,46.10767554,62.36934837,28.77175476,30.49230504
Botswana,36.32851619,36.27311333,28.18160819,44.53082705,38.36432707,33.42458882,26.61474718,55.05364523,38.83923461,34.81869108,29.19940165,52.49961111,38.16381779,35.13639427,30.23328622,23.69361883
Bangladesh,36.09945532,40.21389292,25.09883801,42.98563502,43.62840762,58.4836569,24.80179892,47.59976704,46.04283084,57.95661768,26.0675415,54.10433333,47.11916395,58.51580282,26.2564749,30.07675523
Cabo Verde,36.0725509,36.46299223,23.35131389,48.40334658,34.27404409,35.90971325,24.45425632,42.45816271,36.29975864,36.68031634,27.2354392,44.9835204,40.67090537,39.57566802,27.24891134,26.55114771
Rwanda,35.15812223,44.43941931,27.02921825,34.00572912,40.20366886,53.28252051,28.13515048,39.1933356,45.38673728,67.81789856,27.86557848,40.47673479,51.25257164,71.43819993,30.29506431,24.35896
Nigeria,35.15364591,35.53463833,26.31931877,43.60698062,39.10120996,44.90852086,23.08072301,49.31438601,39.87877496,44.93718128,24.48753788,50.21160573,43.32516864,59.87967854,27.10995893,25.81314227
Lao People's Democratic Republic,34.93069603,29.22001236,24.69076183,50.8813139,31.71862863,29.6368339,21.46088557,44.05816643,33.05352563,28.39222624,25.80687843,44.96147222,36.08236849,28.09922127,28.78902203,35.12490255
Honduras,34.91378879,30.6483746,25.58434149,48.50865028,31.04337178,26.23285731,24.83343318,42.06382484,32.63199659,25.75036011,30.13924221,42.00638744,29.83450267,24.72467904,21.76732116,21.34793801
Papua New Guinea,34.75322378,35.49750177,27.8340035,40.92816607,30.5489561,27.18948066,21.84608099,42.61130665,30.40577065,25.81542624,22.56267775,42.83920795,36.84643455,32.63870963,29.50313732,24.90052257
Pakistan,34.02797097,39.58095354,34.99819959,27.50475977,40.22052841,44.31974041,34.6735833,41.66826151,42.20012541,43.00187234,34.06842585,49.53007803,40.47235612,40.6128633,36.93722819,28.67205327
Bhutan,34.02464587,36.52318843,26.15023957,39.40050961,37.91424365,37.32929176,26.68834787,49.72509132,36.87905685,36.81041879,24.30580176,49.52095,38.77536479,34.017059,25.58034036,36.82781119
Cambodia,33.35277841,32.65941576,22.53072093,44.86819854,31.1652904,27.95633432,21.14028522,44.39925165,31.87722576,27.93028698,22.53351441,45.1678759,36.6318842,29.17988072,29.31207796,35.45259701
Namibia,33.13770727,30.49499514,22.96894607,45.94918059,34.56777823,29.16550661,26.58428787,47.95354021,35.3730031,32.01796269,28.30055396,45.80049265,33.28224969,28.5648561,25.36412174,27.80612479
United Republic of Tanzania,32.69103588,39.90270021,22.98932404,35.18108337,32.49772202,35.43252165,20.04908872,42.01155569,32.86338241,35.46428869,20.70937469,42.41648385,35.08105029,36.64384164,20.97501172,24.54213747
Togo,32.67579787,32.66993468,20.71119437,44.64626458,29.8249018,29.64963065,19.42593283,40.39914193,29.685532,29.74285396,19.9564972,39.35724484,31.31565682,31.21114596,20.81625828,18.79393633
El Salvador,32.41093072,26.1608566,23.68641565,47.38551991,30.95748673,23.33612112,22.75668492,46.77965414,32.57680248,23.7020413,26.30654392,47.72182222,34.08661079,25.49796483,26.8146817,29.06760168
Belize,32.27647959,27.9709974,22.56850821,46.28993318,29.98340518,20.66858758,24.3903524,44.89127557,34.2435614,23.44365412,29.09223307,50.19479701,37.58701156,26.7623987,30.50702101,26.9418933
Guatemala,32.25324754,24.2979924,23.28008407,49.18166615,34.92596868,29.60095971,23.07417313,52.10277321,35.75753858,29.55088346,24.94384552,52.77788675,36.4144385,28.95414311,23.69790992,38.24544431
Burkina Faso,32.24337189,35.70797369,21.31261674,39.70952525,26.20130301,27.79493174,16.47927108,34.32970619,27.49699619,27.03774441,18.19615014,37.25709402,29.27660868,25.69119633,21.21836595,19.32119775
Nepal,31.92381466,33.27806125,24.4664062,38.02697654,30.75440133,30.88235512,23.49741367,37.88343519,30.76702139,31.03723043,24.20633458,37.05749915,33.1391886,30.60907606,25.4355128,30.26647414
Cameroon,31.88317068,34.57563333,23.77342706,37.30045164,30.76487031,31.31477812,22.69682714,38.28300568,30.27139432,30.90777318,22.07029072,37.83611905,33.45955988,30.10159683,28.64276544,22.37487226
Uganda,31.75694309,35.96645479,22.19552307,37.10885141,32.65923191,37.77973358,19.49366267,40.70429948,33.43858135,38.0565942,20.96010402,41.29904581,34.63065106,35.56883653,22.22612533,30.20307279
Nicaragua,31.57349015,30.40754044,22.45148964,41.86144037,28.33073126,24.58503828,21.29809793,39.10905756,29.77142753,24.53239782,26.32827649,38.45360829,28.53113047,20.07329212,21.88264401,23.03249594
Myanmar,31.56724078,24.79639344,27.54240591,42.362923,32.44565026,24.25865227,25.90623897,47.17205953,30.91231228,21.62609291,27.97578127,43.13506265,34.25868139,24.23662944,33.85405807,32.98938505
Zambia,31.21443781,35.08367917,21.93263441,36.62699985,29.63139333,31.55205028,19.59174691,37.75038278,32.3597691,32.32460295,20.33342862,44.42127573,41.87395066,60.77581198,23.21623235,24.23287398
Congo,30.419714,30.49026012,20.96616681,39.80271505,26.20229526,23.33285462,18.63822597,36.63580518,24.19288771,22.49830238,19.68339649,30.39696425,25.11623832,22.4009496,22.70723092,19.84714771
Cuba,30.37906954,20.75486435,29.67096768,40.71137658,31.5867537,24.36882628,27.04447266,43.34696216,35.52053817,35.32477317,27.08680364,44.15003771,42.43439145,51.55003678,26.75681083,26.95145779
Mali,30.13971936,31.81294708,22.00065569,36.60555531,27.33914838,24.82827613,19.43419525,37.75497377,27.44682921,24.70630087,19.11590336,38.51828339,32.26614045,25.99652474,22.44388118,25.37329376
Lesotho,29.84210131,23.2597128,20.77556826,45.49102287,26.13355368,25.81373898,19.06816847,33.51875359,26.20904086,25.41368604,20.45978938,32.75364715,28.21246421,24.66286577,21.07745587,13.65685754
Eswatini,29.75608844,28.58509805,21.52538216,39.15778509,25.45708209,23.06173257,15.64757143,37.66194225,27.05304403,23.799385,18.21332986,39.14641722,36.2250206,29.11354894,26.19835759,29.99774771
Mauritania,29.6239225,25.74254284,21.53654416,41.59268051,28.40270536,21.79040339,19.57288566,43.84482704,27.09355128,22.21189093,22.27035699,36.79840591,41.39992651,50.11835718,29.10376253,25.94334771
Madagascar,29.5299684,31.16055849,20.44270645,36.98664025,28.2580958,25.10244127,19.50986936,40.16197676,28.47313128,25.00503139,19.27536061,41.13900185,28.80438299,25.29606193,21.19296443,17.7642124
Sierra Leone,29.39077071,32.59032079,19.6524166,35.92957475,24.49171892,22.45718798,17.8420762,33.17589257,24.82502865,21.8546873,18.1005978,34.51980085,25.33586896,21.95526898,17.72473624,13.60840114
Zimbabwe,29.14901401,26.45496813,22.28272396,38.70934995,29.26484257,24.24929831,20.29389312,43.25133628,30.70795467,24.08378789,23.40642844,44.63364769,32.59211942,23.6941344,27.81535935,21.91856478
Benin,28.7305943,34.76075444,21.60838924,29.82263921,35.83543571,48.39553051,22.98781191,36.12296472,41.37191592,61.38112188,24.46194488,38.27268101,42.96796567,59.91827431,24.30256725,26.59020079
Liberia,28.13823481,31.71777912,19.72336411,32.97356121,22.09001172,19.75555304,18.44706235,28.06741976,22.24370998,19.2801873,19.90410165,27.54684101,23.12197991,16.57606519,20.89076206,15.95157533
Ethiopia,27.9477856,34.65174188,20.5724471,28.61916782,25.30098938,25.1468315,19.70338128,31.05275538,32.58526198,37.29089283,20.3517131,40.11318002,38.33624612,51.46134117,21.57147675,18.63543093
Niger,27.80891145,33.31036245,20.09102384,30.02534806,23.72363429,25.6262542,16.14710711,29.39754157,24.70831185,25.47542804,15.87601463,32.77349288,25.74480776,24.21976233,17.14671665,16.82533633
Guinea,27.54707074,27.77520834,22.21981923,32.64618465,27.81521975,26.32642284,19.94425872,37.17497771,27.44381327,26.65264147,19.98545863,35.69333971,30.21187153,25.62621015,22.23596587,22.94154771
Mozambique,26.23467412,32.27862063,17.59720136,28.82820036,22.54020961,21.38264467,16.06543379,30.17255038,25.62313593,21.90301976,17.81828455,37.14810347,24.22293552,20.86370912,18.23382502,15.38123093
Sudan,25.91396992,24.83117079,21.61876464,31.29197435,22.5547595,16.54640817,21.15960483,29.95826551,24.51062958,15.42392804,23.35432928,34.75363142,24.62888147,13.32060728,24.28553347,20.07781359
Haiti,25.13503439,24.24280794,14.67388414,36.48841109,18.60688175,9.71664275,15.10725259,30.99674992,21.97179066,8.924944199,22.89019916,34.10022863,20.05762277,7.521644341,18.61138891,15.50489594
Malawi,24.84849018,28.57099729,18.42597412,27.54849913,24.459898,21.88389761,17.16847091,34.32732546,24.8675796,22.00016384,20.49032924,32.11224573,29.31673864,27.84723617,23.78700918,16.69881238
Afghanistan,24.37809891,25.67053333,9.229463696,38.2342997,13.45795858,14.45917285,10.7048567,15.20984618,21.26871333,13.99,21.70519182,28.11094818,16.92451775,8.268876641,22.45575212,7.224
Chad,24.00477702,27.58348187,14.41182161,30.01902758,20.57569578,21.02716014,15.20805698,25.49187022,23.43794877,21.10354983,16.65135829,32.55893819,22.65971835,20.94211574,18.22186653,15.21322855
Burundi,23.7171165,28.39722633,19.05772835,23.69639483,20.52919336,18.72155933,15.89109458,26.97492616,20.87315154,18.44359423,16.21387179,27.9619886,21.13442437,16.61896912,18.94768825,14.32973633
Democratic Republic of the Congo,23.32239331,27.45853922,16.7226113,25.7860294,20.21793742,18.66850347,14.15597096,27.82933784,21.46831729,18.3617308,16.38773762,29.65548344,22.09794558,17.96264516,15.99372206,11.87954271
Angola,22.86557857,27.30429614,13.8571604,27.43527918,24.76924364,21.33362502,14.98163928,37.99246663,29.14025605,22.54808602,18.50621633,46.36646581,26.90798042,19.7326763,15.86558667,16.6825532
Central African Republic,20.73444159,15.01155412,19.21036877,27.98140187,19.90049863,14.50047077,17.36244365,27.83858148,19.73651251,13.51276137,17.639778,28.05699816,20.26173459,12.06920737,19.94503949,13.66873633
Yemen,17.92941373,15.84583278,17.91432,20.0280884,17.3219318,18.3893155,22.04606002,11.53041988,19.88707052,19.59392041,30.93646737,9.130823782,14.62247898,12.89916644,20.40763167,11.54853903
